Metric,Value
Sharpe_Ratio,1.4616611644952817
Sortino_Ratio,1.4821533811454142
CVaR,0.06844198892738323
Annual_Volatility,0.5038099935967388
Max_Drawdown,0.611003599923741
